Fund Name,P1,P2,P3,P4,Topsis Score,Rank
M1,0.67,0.45,6.5,42.6,0.23504999510133262,5
M2,0.6,0.36,3.6,53.3,0.3351349063207091,4
M3,0.82,0.67,3.8,63.1,0.9191117531010461,1
M4,0.6,0.36,3.5,69.2,0.38812665151419334,3
M5,0.76,0.58,4.8,43.0,0.5964662882070565,2
