Fund Name,P1,P2,P3,P4,Topsis Score,Rank
M1,0.67,0.45,6.5,42.6,0.2409754540220174,5
M2,0.6,0.36,3.6,53.3,0.7680684872926363,2
M3,0.82,0.67,3.8,63.1,0.6645220407074459,3
M4,0.6,0.36,3.5,69.2,0.8284200650475231,1
M5,0.76,0.58,4.8,43.0,0.47973361440955636,4
